{"cameraMode":{"drawMode":0,"name":"Shaded","section":"Shading Mode"},"sceneLighting":true,"audioPlay":false,"sceneViewState":{"showFog":true,"showMaterialUpdate":false,"showSkybox":true,"showFlares":true,"showImageEffects":true,"showParticleSystems":true},"in2DMode":false,"pivot":{"x":0.8502168655395508,"y":-2.345008611679077,"z":7.2118306159973148},"rotation":{"x":-0.060624703764915469,"y":-0.19134309887886048,"z":0.011844601482152939,"w":-0.9795884490013123},"size":2.0355279445648195,"orthographic":false}