{"cameraMode":{"drawMode":0,"name":"Shaded","section":"Shading Mode"},"sceneLighting":true,"audioPlay":false,"sceneViewState":{"showFog":true,"showMaterialUpdate":false,"showSkybox":true,"showFlares":true,"showImageEffects":true,"showParticleSystems":true},"in2DMode":false,"pivot":{"x":-7.483064651489258,"y":-2.4289562702178957,"z":13.457181930541993},"rotation":{"x":-0.03138987720012665,"y":-0.967279314994812,"z":0.20193593204021455,"w":-0.15035757422447205},"size":3.6475324630737306,"orthographic":false}